Menu,2023-01-01,2023-01-02,2023-01-03,2023-01-04,2023-01-05,2023-01-06,2023-01-07,2023-01-08,2023-01-09,2023-01-10,2023-01-11,2023-01-12,2023-01-13,2023-01-14,2023-01-15,2023-01-16,2023-01-17,2023-01-18,2023-01-19,2023-01-20,2023-01-21,2023-01-22,2023-01-23,2023-01-24,2023-01-25,2023-01-26,2023-01-27,2023-01-28,2023-01-29,2023-01-30,2023-01-31,2023-02-01,2023-02-02,2023-02-03,2023-02-04,2023-02-05,2023-02-06,2023-02-07,2023-02-08,2023-02-09,2023-02-10,2023-02-11,2023-02-12,2023-02-13,2023-02-14,2023-02-15,2023-02-16,2023-02-17,2023-02-18,2023-02-19,2023-02-20,2023-02-21,2023-02-22,2023-02-23,2023-02-24,2023-02-25,2023-02-26,2023-02-27,2023-02-28,2023-03-01,2023-03-02,2023-03-03,2023-03-04,2023-03-05,2023-03-06,2023-03-07,2023-03-08,2023-03-09,2023-03-10,2023-03-11,2023-03-12,2023-03-13,2023-03-14,2023-03-15,2023-03-16,2023-03-17,2023-03-18,2023-03-19,2023-03-20,2023-03-21,2023-03-22,2023-03-23,2023-03-24,2023-03-25,2023-03-26,2023-03-27,2023-03-28,2023-03-29,2023-03-30,2023-03-31,2023-04-01,2023-04-02,2023-04-03,2023-04-04,2023-04-05,2023-04-06,2023-04-07,2023-04-08,2023-04-09,2023-04-10,2023-04-11,2023-04-12,2023-04-13,2023-04-14,2023-04-15,2023-04-16,2023-04-17,2023-04-18,2023-04-19,2023-04-20,2023-04-21,2023-04-22,2023-04-23,2023-04-24,2023-04-25,2023-04-26,2023-04-27,2023-04-28,2023-04-29,2023-04-30,2023-05-01,2023-05-02,2023-05-03,2023-05-04,2023-05-05,2023-05-06,2023-05-07,2023-05-08,2023-05-09,2023-05-10,2023-05-11,2023-05-12,2023-05-13,2023-05-14,2023-05-15,2023-05-16,2023-05-17,2023-05-18,2023-05-19,2023-05-20,2023-05-21,2023-05-22,2023-05-23,2023-05-24,2023-05-25,2023-05-26,2023-05-27,2023-05-28,2023-05-29,2023-05-30,2023-05-31,2023-06-01,2023-06-02,2023-06-03,2023-06-04,2023-06-05,2023-06-06,2023-06-07,2023-06-08,2023-06-09,2023-06-10,2023-06-11,2023-06-12,2023-06-13,2023-06-14,2023-06-15,2023-06-16,2023-06-17,2023-06-18,2023-06-19,2023-06-20,2023-06-21,2023-06-22,2023-06-23,2023-06-24,2023-06-25,2023-06-26,2023-06-27,2023-06-28,2023-06-29,2023-06-30,2023-07-01,2023-07-02,2023-07-03,2023-07-04,2023-07-05,2023-07-06,2023-07-07,2023-07-08,2023-07-09,2023-07-10,2023-07-11,2023-07-12,2023-07-13,2023-07-14,2023-07-15,2023-07-16,2023-07-17,2023-07-18,2023-07-19,2023-07-20,2023-07-21,2023-07-22,2023-07-23,2023-07-24,2023-07-25,2023-07-26,2023-07-27,2023-07-28,2023-07-29,2023-07-30,2023-07-31,2023-08-01,2023-08-02,2023-08-03,2023-08-04,2023-08-05,2023-08-06,2023-08-07,2023-08-08,2023-08-09,2023-08-10,2023-08-11,2023-08-12,2023-08-13,2023-08-14,2023-08-15,2023-08-16,2023-08-17,2023-08-18,2023-08-19,2023-08-20,2023-08-21,2023-08-22,2023-08-23,2023-08-24,2023-08-25,2023-08-26,2023-08-27,2023-08-28,2023-08-29,2023-08-30,2023-08-31,2023-09-01,2023-09-02,2023-09-03,2023-09-04,2023-09-05,2023-09-06,2023-09-07,2023-09-08,2023-09-09,2023-09-10,2023-09-11,2023-09-12,2023-09-13,2023-09-14,2023-09-15,2023-09-16,2023-09-17,2023-09-18,2023-09-19,2023-09-20,2023-09-21,2023-09-22,2023-09-23,2023-09-24,2023-09-25,2023-09-26,2023-09-27,2023-09-28,2023-09-29,2023-09-30,2023-10-01,2023-10-02,2023-10-03,2023-10-04,2023-10-05,2023-10-06,2023-10-07,2023-10-08,2023-10-09,2023-10-10,2023-10-11,2023-10-12,2023-10-13,2023-10-14,2023-10-15,2023-10-16,2023-10-17,2023-10-18,2023-10-19,2023-10-20,2023-10-21,2023-10-22,2023-10-23,2023-10-24,2023-10-25,2023-10-26,2023-10-27,2023-10-28,2023-10-29,2023-10-30,2023-10-31,2023-11-01,2023-11-02,2023-11-03,2023-11-04,2023-11-05,2023-11-06,2023-11-07,2023-11-08,2023-11-09,2023-11-10,2023-11-11,2023-11-12,2023-11-13,2023-11-14,2023-11-15,2023-11-16,2023-11-17,2023-11-18,2023-11-19,2023-11-20,2023-11-21,2023-11-22,2023-11-23,2023-11-24,2023-11-25,2023-11-26,2023-11-27,2023-11-28,2023-11-29,2023-11-30,2023-12-01,2023-12-02,2023-12-03,2023-12-04,2023-12-05,2023-12-06,2023-12-07,2023-12-08,2023-12-09,2023-12-10,2023-12-11,2023-12-12,2023-12-13,2023-12-14,2023-12-15,2023-12-16,2023-12-17,2023-12-18,2023-12-19,2023-12-20,2023-12-21,2023-12-22,2023-12-23,2023-12-24,2023-12-25,2023-12-26,2023-12-27,2023-12-28,2023-12-29,2023-12-30,2023-12-31,2024-01-01,2024-01-02,2024-01-03,2024-01-04,2024-01-05,2024-01-06,2024-01-07,2024-01-08,2024-01-09,2024-01-10,2024-01-11,2024-01-12,2024-01-13,2024-01-14,2024-01-15,2024-01-16,2024-01-17,2024-01-18,2024-01-19,2024-01-20,2024-01-21,2024-01-22,2024-01-23,2024-01-24,2024-01-25,2024-01-26,2024-01-27,2024-01-28,2024-01-29,2024-01-30,2024-01-31,2024-02-01,2024-02-02,2024-02-03,2024-02-04,2024-02-05,2024-02-06,2024-02-07,2024-02-08,2024-02-09,2024-02-10,2024-02-11,2024-02-12,2024-02-13,2024-02-14,2024-02-15,2024-02-16,2024-02-17,2024-02-18,2024-02-19,2024-02-20,2024-02-21,2024-02-22,2024-02-23,2024-02-24,2024-02-25,2024-02-26,2024-02-27,2024-02-28,2024-02-29,2024-03-01,2024-03-02,2024-03-03,2024-03-04,2024-03-05,2024-03-06,2024-03-07,2024-03-08,2024-03-09,2024-03-10,2024-03-11,2024-03-12,2024-03-13,2024-03-14,2024-03-15,2024-03-16,2024-03-17,2024-03-18,2024-03-19,2024-03-20,2024-03-21,2024-03-22,2024-03-23,2024-03-24,2024-03-25,2024-03-26,2024-03-27,2024-03-28,2024-03-29,2024-03-30,2024-03-31,2024-04-01,2024-04-02,2024-04-03,2024-04-04,2024-04-05,2024-04-06,2024-04-07,2024-04-08,2024-04-09,2024-04-10,2024-04-11,2024-04-12,2024-04-13,2024-04-14,2024-04-15,2024-04-16,2024-04-17,2024-04-18,2024-04-19,2024-04-20,2024-04-21,2024-04-22,2024-04-23,2024-04-24,2024-04-25,2024-04-26,2024-04-27,2024-04-28,2024-04-29,2024-04-30,2024-05-01,2024-05-02,2024-05-03,2024-05-04,2024-05-05,2024-05-06,2024-05-07,2024-05-08,2024-05-09,2024-05-10,2024-05-11,2024-05-12,2024-05-13,2024-05-14,2024-05-15,2024-05-16,2024-05-17,2024-05-18,2024-05-19,2024-05-20,2024-05-21,2024-05-22,2024-05-23,2024-05-24,2024-05-25,2024-05-26,2024-05-27,2024-05-28,2024-05-29,2024-05-30,2024-05-31,2024-06-01,2024-06-02,2024-06-03,2024-06-04,2024-06-05,2024-06-06,2024-06-07,2024-06-08,2024-06-09,2024-06-10,2024-06-11,2024-06-12,2024-06-13,2024-06-14,2024-06-15,2024-06-16,2024-06-17,2024-06-18,2024-06-19,2024-06-20,2024-06-21,2024-06-22,2024-06-23,2024-06-24,2024-06-25,2024-06-26,2024-06-27,2024-06-28,2024-06-29,2024-06-30,2024-07-01,2024-07-02,2024-07-03,2024-07-04,2024-07-05,2024-07-06,2024-07-07,2024-07-08,2024-07-09,2024-07-10,2024-07-11,2024-07-12,2024-07-13,2024-07-14,2024-07-15,2024-07-16,2024-07-17,2024-07-18,2024-07-19,2024-07-20,2024-07-21,2024-07-22,2024-07-23,2024-07-24,2024-07-25,2024-07-26,2024-07-27,2024-07-28,2024-07-29,2024-07-30,2024-07-31,2024-08-01,2024-08-02,2024-08-03,2024-08-04,2024-08-05,2024-08-06,2024-08-07,2024-08-08,2024-08-09,2024-08-10,2024-08-11,2024-08-12,2024-08-13,2024-08-14,2024-08-15,2024-08-16,2024-08-17,2024-08-18,2024-08-19,2024-08-20,2024-08-21,2024-08-22,2024-08-23,2024-08-24,2024-08-25,2024-08-26,2024-08-27,2024-08-28,2024-08-29,2024-08-30,2024-08-31,2024-09-01,2024-09-02,2024-09-03,2024-09-04,2024-09-05,2024-09-06,2024-09-07,2024-09-08,2024-09-09,2024-09-10,2024-09-11,2024-09-12,2024-09-13,2024-09-14,2024-09-15,2024-09-16,2024-09-17,2024-09-18,2024-09-19,2024-09-20,2024-09-21,2024-09-22,2024-09-23,2024-09-24,2024-09-25,2024-09-26,2024-09-27,2024-09-28,2024-09-29,2024-09-30,2024-10-01,2024-10-02,2024-10-03,2024-10-04,2024-10-05,2024-10-06,2024-10-07,2024-10-08,2024-10-09,2024-10-10,2024-10-11,2024-10-12,2024-10-13,2024-10-14,2024-10-15,2024-10-16,2024-10-17,2024-10-18,2024-10-19,2024-10-20,2024-10-21,2024-10-22,2024-10-23,2024-10-24,2024-10-25,2024-10-26,2024-10-27,2024-10-28,2024-10-29,2024-10-30,2024-10-31,2024-11-01,2024-11-02,2024-11-03,2024-11-04,2024-11-05,2024-11-06,2024-11-07,2024-11-08,2024-11-09,2024-11-10,2024-11-11,2024-11-12,2024-11-13,2024-11-14,2024-11-15,2024-11-16,2024-11-17,2024-11-18,2024-11-19,2024-11-20,2024-11-21,2024-11-22,2024-11-23,2024-11-24,2024-11-25,2024-11-26,2024-11-27,2024-11-28,2024-11-29,2024-11-30,2024-12-01,2024-12-02,2024-12-03,2024-12-04,2024-12-05,2024-12-06,2024-12-07,2024-12-08,2024-12-09,2024-12-10,2024-12-11,2024-12-12,2024-12-13,2024-12-14,2024-12-15,2024-12-16,2024-12-17,2024-12-18,2024-12-19,2024-12-20,2024-12-21,2024-12-22,2024-12-23,2024-12-24,2024-12-25,2024-12-26,2024-12-27,2024-12-28,2024-12-29,2024-12-30,2024-12-31,2025-01-01,2025-01-02,2025-01-03,2025-01-04,2025-01-05,2025-01-06,2025-01-07,2025-01-08,2025-01-09,2025-01-10,2025-01-11,2025-01-12,2025-01-13,2025-01-14,2025-01-15,2025-01-16,2025-01-17,2025-01-18,2025-01-19,2025-01-20,2025-01-21,2025-01-22,2025-01-23,2025-01-24,2025-01-25,2025-01-26,2025-01-27,2025-01-28,2025-01-29,2025-01-30,2025-01-31,2025-02-01,2025-02-02,2025-02-03,2025-02-04,2025-02-05,2025-02-06,2025-02-07,2025-02-08,2025-02-09,2025-02-10,2025-02-11,2025-02-12,2025-02-13,2025-02-14,2025-02-15,2025-02-16,2025-02-17,2025-02-18,2025-02-19,2025-02-20,2025-02-21,2025-02-22,2025-02-23,2025-02-24,2025-02-25,2025-02-26,2025-02-27,2025-02-28
Classic Burger,27,29,24,37,68,81,61,109,63,74,57,27,46,52,91,69,75,49,70,61,48,52,87,23,64,31,29,35,50,28,59,26,55,51,82,87,70,83,72,23,80,61,40,38,80,44,72,62,38,40,81,29,76,41,58,49,91,46,55,46,73,68,30,35,76,23,53,43,71,106,91,87,55,46,51,72,56,65,27,59,40,58,55,56,38,23,81,83,31,44,37,87,50,81,23,28,70,45,53,25,46,81,65,64,49,64,69,23,44,25,86,90,97,31,64,31,80,64,63,65,73,82,77,82,33,37,61,32,38,84,87,51,78,49,79,56,79,38,43,78,80,69,50,61,27,46,34,85,64,53,37,37,50,34,55,24,76,63,38,48,89,50,24,83,64,85,32,102,80,74,53,76,68,36,31,94,40,63,75,26,84,42,64,52,29,49,76,44,68,34,47,70,39,47,44,102,85,64,38,64,59,41,95,83,77,32,35,31,23,52,78,24,32,58,22,31,38,105,67,45,74,87,75,102,29,51,23,60,32,44,86,35,57,70,27,45,33,64,49,37,29,58,47,86,100,98,60,75,73,86,63,82,65,46,41,26,34,32,34,87,22,58,35,87,63,60,70,75,62,22,31,73,35,46,43,39,27,57,39,105,61,46,50,81,43,61,63,40,56,38,86,53,51,78,44,81,53,33,56,86,97,108,29,48,24,34,72,86,63,41,75,84,28,83,109,89,82,63,57,48,48,76,97,53,52,81,52,31,33,56,40,32,83,38,26,94,35,68,50,32,33,22,40,93,79,82,23,31,32,49,35,46,47,56,57,67,34,102,40,27,73,65,27,108,57,56,46,48,81,70,71,46,56,38,85,47,67,50,30,64,76,47,38,29,50,57,32,79,79,52,68,65,78,79,50,46,82,84,80,76,60,49,70,40,49,59,27,40,33,67,56,60,83,53,84,55,64,58,38,65,56,25,74,63,82,57,55,42,27,81,81,57,63,46,79,48,84,22,81,71,98,101,71,35,65,83,29,89,106,55,61,25,44,73,87,75,34,22,27,56,32,52,76,35,49,82,49,49,60,30,52,48,63,79,26,108,59,31,77,22,26,62,44,76,85,68,58,84,49,46,90,71,67,60,57,52,55,108,53,55,57,27,72,68,37,22,79,49,43,44,35,30,41,50,31,81,70,105,40,45,77,32,77,84,49,37,74,47,56,36,35,49,41,41,25,63,87,40,87,86,69,86,44,83,85,35,65,32,31,81,63,41,53,67,50,23,34,58,77,104,64,25,71,27,69,38,78,104,47,76,55,67,65,67,40,59,86,51,69,69,37,97,24,29,61,49,68,56,109,55,51,32,48,45,85,46,72,46,51,27,72,100,27,35,48,85,68,82,105,42,55,23,55,69,41,60,63,56,41,61,63,87,49,71,50,55,48,35,56,44,34,27,47,51,74,52,70,38,84,80,25,27,48,34,68,81,49,23,23,26,29,57,45,28,71,52,47,97,90,77,68,22,79,69,56,63,55,72,56,60,72,93,108,25,80,62,64,80,55,37,83,58,64,68,60,109,37,81,82,51,74,57,98,46,62,27,29,36,55,41,74,73,65,87,60,59,79,31,68,47,72,45,33,64,74,23,35,43,53,41,72,87,56,80,36,81,61,64,27,70,83,29,45,69,91,59,86,80,59,45,51,44,35,48,83,81,65,48,97,95,40,58,37,64,65,27,33,57,51,80,70,83,86,49,39,82,60,43,49,70,94,37,24,57,40,81,87,38,22,84,51,35,87,30,75,64,67,85,83,55
Grilled Chicken Salad,64,20,28,27,49,51,53,56,46,56,33,38,24,62,64,23,39,20,16,41,27,61,16,17,38,32,28,57,67,45,49,51,41,45,66,51,15,28,32,31,45,45,47,50,48,23,17,33,25,39,46,26,25,28,27,34,43,44,57,30,57,25,36,43,30,15,58,28,45,50,25,42,28,41,44,46,31,37,27,38,54,15,33,35,30,31,15,15,47,15,54,48,44,47,38,53,35,24,65,54,31,58,52,44,51,22,25,45,31,39,50,67,57,36,47,56,52,31,46,21,58,49,41,22,34,41,20,21,34,15,36,38,48,52,41,52,30,44,48,34,65,46,36,30,17,50,47,54,37,28,57,41,20,25,37,52,57,52,23,51,60,30,15,58,24,38,46,34,18,32,17,33,28,36,43,25,45,26,51,58,46,20,67,56,46,53,36,49,29,31,22,31,57,26,28,45,49,53,44,48,57,57,68,54,29,19,40,45,36,30,26,33,45,23,34,57,27,45,38,33,46,55,23,18,24,39,51,52,49,20,25,20,54,57,51,30,38,66,65,43,40,31,56,24,35,36,46,16,31,15,17,58,21,22,31,31,42,20,63,65,38,55,33,27,17,62,73,17,33,20,25,37,22,44,48,17,46,40,40,21,31,43,32,37,31,27,39,21,46,45,17,55,50,44,51,47,15,25,41,31,31,19,52,50,26,49,24,21,33,41,23,49,19,33,34,70,48,46,49,55,23,72,54,49,31,20,17,39,64,20,37,38,46,27,38,73,48,31,52,16,33,50,38,66,30,15,36,32,28,24,45,47,15,26,37,54,33,50,50,46,54,28,45,50,63,39,37,55,49,54,28,64,21,36,17,28,57,67,57,22,41,45,40,38,42,73,38,37,57,49,44,44,28,54,51,16,27,16,64,63,23,52,22,27,40,61,35,17,37,50,54,49,68,52,47,56,25,49,54,33,30,56,36,50,20,20,71,68,17,43,33,49,32,69,22,39,40,33,57,46,34,54,21,36,52,22,40,46,53,20,23,51,35,33,52,24,48,40,54,16,51,18,22,55,49,55,57,31,70,73,45,53,44,27,54,26,58,26,42,21,38,43,50,33,52,36,54,50,45,20,55,15,41,31,46,46,34,46,42,19,51,54,46,44,54,36,49,44,42,28,49,53,27,15,22,29,23,54,21,27,33,44,47,17,61,60,51,15,48,36,36,25,64,38,23,27,57,20,44,25,23,39,19,28,34,23,41,58,30,17,36,52,70,44,56,50,38,46,37,52,25,53,38,16,29,30,55,33,49,47,53,49,23,39,37,44,33,52,31,55,64,22,17,45,47,18,49,39,51,31,23,27,52,32,65,73,51,54,33,58,33,64,54,31,46,57,25,42,51,59,17,48,19,30,57,41,21,38,21,28,52,44,22,61,44,19,51,29,46,45,43,58,46,47,54,37,65,34,40,34,38,36,27,44,25,54,18,52,50,42,40,43,36,42,57,22,48,28,60,43,28,20,15,23,20,27,42,36,49,32,21,32,51,50,17,35,39,24,40,50,17,54,23,19,53,42,31,25,41,46,18,34,56,30,44,46,57,54,23,66,70,40,45,20,50,19,50,54,44,35,57,52,25,63,64,39,56,30,22,30,25,23,31,57,20,17,44,37,32,23,33,40,28,41,44,40,28,47,53,44,27,39,39,25,30,54,58,22,64,67,39,17,23,39,46,19,72,46,54,15,39,33,39,53,55,52,28,18,41,26,32,39,27,44,15,41,23,38,25,23,56,40,23,68,73,46,56,41,30,17
Margherita Pizza,39,19,38,31,43,44,27,45,36,54,18,53,57,69,61,21,44,37,48,47,64,68,14,17,26,54,27,69,54,43,21,19,54,33,20,34,19,23,53,19,36,43,56,31,26,14,32,32,26,37,22,26,48,44,21,52,32,39,23,16,45,38,51,21,53,19,32,21,26,69,19,57,43,51,53,44,32,19,51,31,43,28,28,30,44,31,25,21,23,19,45,64,46,41,56,57,21,27,20,55,53,45,31,39,25,59,43,46,46,46,40,27,54,20,43,49,32,35,71,37,50,15,31,38,51,53,18,31,51,21,57,37,22,71,41,20,48,15,28,32,27,48,36,14,32,28,68,21,55,35,33,41,56,28,33,37,45,51,53,50,49,51,41,28,46,41,53,46,69,46,48,15,26,50,71,56,43,36,16,26,28,38,47,33,42,15,35,18,63,60,29,34,54,51,24,31,66,43,31,42,21,47,69,49,57,25,54,26,26,32,45,21,28,30,23,43,67,21,34,41,51,51,54,43,42,56,48,38,50,48,18,48,38,29,42,16,38,45,40,35,38,19,36,52,52,47,23,33,56,23,55,64,30,42,34,26,35,30,58,37,55,24,27,24,24,49,53,20,25,26,44,42,40,25,45,36,51,21,53,45,60,36,45,43,16,20,53,22,47,30,33,47,23,45,42,52,34,23,17,48,37,48,52,29,31,18,16,45,61,29,45,40,50,39,60,66,38,18,33,36,52,24,71,22,30,49,46,51,39,71,29,28,57,53,50,67,66,48,42,17,46,53,22,71,31,22,44,15,50,55,62,43,35,46,51,46,69,36,15,42,20,31,21,31,29,43,33,48,53,23,60,28,19,14,41,53,18,69,61,48,37,17,34,53,36,48,37,40,41,51,56,20,69,35,26,44,26,29,61,45,49,23,27,45,40,45,31,21,42,26,22,35,18,55,19,33,41,16,38,52,63,25,43,57,48,46,24,33,45,53,26,48,46,47,32,33,52,56,53,31,58,55,28,57,35,48,37,50,21,24,39,41,21,27,71,28,28,28,31,43,51,63,43,47,34,56,56,19,21,43,41,53,44,43,43,22,39,19,51,55,15,51,36,63,55,17,14,47,41,25,61,23,53,26,32,43,28,36,49,30,17,46,31,44,27,52,32,54,31,22,71,61,41,15,16,21,29,43,36,39,21,36,28,24,20,27,47,32,40,54,16,45,57,19,19,27,19,15,21,33,49,30,19,18,24,66,32,16,47,17,40,51,48,54,56,36,38,18,55,53,58,38,40,36,41,18,45,53,26,26,21,41,21,60,48,51,40,49,50,45,42,44,18,41,35,14,53,46,39,38,52,23,19,26,44,45,18,30,33,30,17,46,23,44,28,54,21,45,42,32,18,56,45,32,41,25,21,32,83,36,16,50,38,21,52,31,16,28,29,57,71,36,46,14,48,31,51,22,31,40,53,37,20,19,61,48,23,54,19,54,20,28,14,24,35,30,23,22,35,43,17,23,16,17,61,52,28,31,54,41,22,45,63,19,25,21,49,21,53,70,22,39,46,53,38,60,54,45,18,41,33,53,39,45,34,56,14,46,54,32,27,55,36,20,38,26,26,49,36,56,54,30,41,42,63,19,48,32,39,17,68,64,43,49,33,47,46,70,24,40,17,26,56,36,49,57,20,16,24,16,33,63,33,38,24,47,54,45,38,28,17,45,41,21,47,34,44,36,42,34,46,14,38,33,21,39,45,56,38,57,62,43,35,16,38,27,48,45,26,52,32,37,16,38,36,33,31,28,54,27
Spaghetti Bolognese,78,48,54,30,79,60,66,50,78,60,94,93,35,42,87,36,82,46,85,57,72,39,48,47,66,67,52,111,113,75,31,59,42,46,50,83,48,96,84,69,46,77,98,87,52,60,53,66,83,53,54,48,30,70,72,84,78,78,75,77,37,52,102,110,61,71,75,73,70,30,33,85,28,91,49,28,60,42,88,41,71,39,89,66,68,89,81,26,67,24,68,83,49,79,51,36,75,119,101,53,42,63,53,26,54,32,73,45,59,30,64,30,117,77,79,36,49,35,111,104,46,40,53,77,26,107,96,69,79,89,54,32,44,66,72,36,69,39,61,93,111,51,26,70,30,30,116,108,36,82,79,41,31,60,41,26,95,59,91,70,47,86,42,96,35,95,36,36,48,32,67,75,94,43,72,45,26,49,76,76,81,50,81,60,32,42,59,94,111,108,91,41,43,43,43,69,107,82,89,78,83,69,36,114,77,75,67,48,29,77,60,67,96,42,66,37,36,44,24,58,79,65,89,57,72,39,66,96,70,76,39,48,57,88,41,78,48,63,95,78,79,65,90,91,95,66,26,51,59,40,51,116,116,78,77,60,94,79,60,78,48,24,31,55,75,98,93,85,47,39,36,32,119,116,64,37,70,88,69,117,90,57,40,32,61,39,39,65,55,72,85,71,36,72,75,32,26,31,54,45,60,86,81,51,57,41,47,33,120,32,84,63,85,83,69,65,46,45,78,94,81,45,86,24,51,24,71,83,120,42,30,67,24,31,31,50,110,69,25,49,81,29,96,33,28,60,84,51,84,54,32,41,49,84,45,67,42,72,35,64,32,71,24,71,44,77,45,58,25,79,104,68,24,94,49,95,82,86,83,40,63,32,66,82,71,89,96,91,64,28,95,39,119,48,32,95,95,65,105,44,95,85,65,46,65,44,54,73,35,59,61,28,87,42,40,29,57,46,63,93,84,77,37,52,49,26,62,90,91,51,88,93,32,30,117,58,39,26,84,52,32,75,37,35,78,81,25,53,50,67,70,72,77,67,93,59,85,46,75,24,51,56,120,76,82,35,48,79,56,96,85,79,93,55,58,83,104,93,26,83,89,70,93,93,54,54,96,82,45,32,120,43,51,34,45,88,75,92,60,58,30,59,40,116,86,75,51,60,41,96,87,104,61,73,89,25,51,117,77,54,24,29,89,34,96,108,66,76,28,81,24,119,32,26,32,85,52,81,41,68,48,95,51,47,93,44,90,73,75,85,70,48,33,41,29,30,28,26,78,47,111,87,46,67,37,64,50,54,58,84,87,47,71,39,62,53,47,31,81,28,119,116,49,64,77,57,49,65,60,37,42,88,79,66,84,81,46,88,29,85,85,108,104,69,30,65,69,93,62,93,70,49,87,51,71,99,102,90,96,88,72,88,65,54,63,41,51,35,73,41,71,24,65,88,29,87,119,101,36,91,72,65,51,62,51,36,82,57,24,37,38,68,69,32,60,89,40,38,56,61,45,75,45,42,62,81,64,35,82,57,69,60,48,85,25,52,34,37,33,45,95,71,67,45,95,80,63,64,91,65,88,52,101,114,84,29,46,57,87,47,41,90,29,37,148,24,35,30,95,61,31,31,93,63,89,63,61,96,71,53,45,71,71,76,82,76,78,38,57,52,76,41,71,76,86,93,39,89,24,82,78,89,36,54,76,78,78,24,80,57,45,91,96,35,34,95,75,96,79,35,49,52,38,72,82,94,32,53,94,36,81,79,94,93,88,36,30,80,95,34,31,53,60,39,51,29,96,49,35,48
Vegetable Stir Fry,63,75,38,32,28,32,85,49,81,44,56,58,27,96,95,26,22,54,67,25,82,50,52,60,47,39,45,28,45,21,32,21,57,38,88,30,71,77,33,81,80,67,41,26,44,43,84,54,71,80,33,28,75,80,53,100,62,48,42,43,77,47,38,97,44,67,46,61,65,105,54,24,44,47,69,58,78,99,79,82,41,23,46,63,64,75,59,36,59,23,28,57,55,51,51,83,55,30,59,80,76,62,31,82,38,70,55,81,42,68,42,61,83,80,81,61,24,77,95,58,61,44,43,23,56,87,104,23,44,42,56,58,105,59,68,23,61,73,65,100,80,42,82,39,57,60,89,32,66,29,41,25,84,62,50,55,53,83,77,42,51,95,33,33,82,83,75,78,51,79,37,46,65,66,85,91,51,58,65,64,44,104,58,34,72,73,21,71,53,47,61,60,58,66,21,34,97,31,33,36,71,25,62,47,24,32,67,27,80,101,76,31,60,79,68,36,99,58,74,38,44,23,83,38,59,78,49,83,52,79,28,30,56,42,46,54,81,87,84,65,42,73,21,83,63,49,63,34,77,52,69,42,63,78,80,43,64,51,66,33,33,74,79,45,61,88,93,58,49,36,37,34,74,42,26,36,60,33,41,29,66,76,80,57,47,81,50,50,39,69,32,60,84,80,58,77,39,21,51,67,91,41,77,22,57,38,59,45,38,38,52,42,35,67,38,70,47,73,36,41,27,30,96,45,42,76,65,25,28,64,82,78,37,71,42,26,61,26,80,46,56,60,49,78,39,27,74,27,72,95,84,56,66,61,51,67,54,92,56,72,61,34,67,64,53,72,36,34,27,79,93,62,36,44,39,61,58,45,64,41,74,67,64,78,67,36,83,60,44,79,45,104,104,35,37,39,73,57,47,104,47,62,33,84,33,101,103,61,38,49,38,44,71,74,27,44,33,60,53,63,93,71,72,36,61,47,92,70,51,59,47,41,68,45,83,74,64,27,21,84,85,47,78,64,36,78,78,101,53,60,40,35,29,39,36,55,75,59,42,74,35,59,47,42,31,73,65,25,72,63,22,26,65,61,80,91,76,47,49,56,22,61,64,76,55,54,65,35,76,26,97,55,61,42,71,31,29,105,32,45,36,73,61,28,78,26,82,73,55,69,99,91,68,72,40,66,22,41,71,41,49,24,74,41,79,72,49,59,46,35,42,67,49,83,75,56,47,71,39,45,68,24,56,58,56,58,64,21,34,40,81,66,38,78,39,56,51,45,40,93,59,73,36,27,68,38,49,74,58,35,52,52,62,59,104,68,68,64,65,38,59,105,51,42,39,39,35,42,50,43,34,41,78,58,42,45,27,43,64,121,42,41,68,62,25,31,69,51,91,104,28,74,64,77,46,76,72,38,74,32,78,69,82,28,82,54,33,38,32,57,33,44,24,83,22,58,95,84,48,25,67,60,81,43,74,41,56,81,48,65,26,63,41,22,33,61,33,89,66,83,57,45,53,83,41,45,60,49,42,83,44,61,39,59,60,47,29,49,95,87,44,53,51,21,39,49,85,52,39,46,55,76,55,38,52,53,28,35,56,58,55,53,62,83,49,73,54,33,63,26,68,78,48,100,46,37,75,67,78,31,79,38,64,44,79,73,38,32,26,36,45,75,62,73,38,92,81,41,39,76,78,57,79,39,64,34,64,68,83,47,46,31,41,23,68,26,75,34,55,73,60,78,91,51,67,63,82,79,51,79,92,22,61,40,34,75,33,53,64,73,72,39,36,101,45,83,84,23,84,61
Sushi Platter,51,32,38,33,60,23,46,79,35,33,48,65,42,59,73,38,50,33,48,42,29,35,43,43,47,67,31,32,26,45,63,48,60,45,32,40,38,31,63,61,32,67,49,42,49,22,29,62,49,72,54,25,29,48,31,47,78,19,30,57,51,36,25,59,18,62,55,51,62,48,73,19,66,45,23,22,71,65,20,34,23,22,34,21,81,33,58,59,64,48,43,54,42,22,18,33,55,29,79,62,62,45,33,47,42,35,67,48,18,37,40,32,41,38,23,49,20,56,67,78,24,33,50,51,23,46,64,53,65,34,17,28,23,25,34,28,59,57,66,64,44,33,51,59,30,20,66,76,55,47,39,53,33,30,58,18,45,21,50,27,70,62,38,52,52,49,26,53,26,36,37,62,65,22,31,56,33,35,29,32,67,37,107,38,18,48,20,60,62,35,48,63,27,39,52,70,58,52,31,65,48,36,21,21,47,57,63,34,40,67,25,17,42,29,60,54,69,44,28,19,31,26,37,56,55,23,67,63,62,66,49,65,43,42,51,49,58,68,50,63,17,27,63,21,41,55,41,48,56,43,43,52,40,58,49,54,54,50,40,56,59,41,44,18,54,50,23,59,48,34,53,25,35,43,65,61,61,31,28,30,31,57,40,23,46,56,45,58,47,23,64,58,38,58,56,45,38,29,66,25,75,68,38,50,23,19,67,71,49,54,33,36,22,34,30,56,29,26,43,20,64,63,42,35,57,53,49,36,52,82,23,55,57,63,44,28,78,18,37,60,53,43,83,27,58,51,39,23,28,24,37,33,58,31,43,17,54,71,17,30,33,63,51,54,33,53,54,24,45,28,30,30,32,39,25,34,65,59,83,50,59,26,48,33,43,64,43,66,49,49,20,80,71,24,32,33,19,53,22,73,23,36,62,39,43,32,80,44,43,43,34,43,39,79,55,20,35,26,17,77,68,19,55,45,28,24,21,41,29,26,28,28,18,57,55,63,28,35,58,64,23,43,19,46,52,23,43,82,35,33,19,29,43,22,49,58,54,17,60,66,66,46,75,23,33,39,33,53,40,55,18,17,50,23,56,24,49,51,33,50,58,18,33,73,63,62,19,42,18,27,21,43,53,48,39,28,51,31,40,48,42,18,29,62,44,29,67,53,30,29,37,47,27,52,59,46,29,26,80,44,26,51,39,51,57,75,28,60,44,63,56,68,64,53,39,18,45,37,64,22,66,45,31,30,26,53,51,23,20,28,26,58,52,53,50,40,22,18,38,80,44,25,48,38,56,64,51,51,19,63,60,47,66,78,69,42,43,53,30,42,46,67,50,59,32,57,24,45,76,57,41,32,40,48,43,66,18,49,36,36,62,43,53,38,47,51,45,57,83,63,25,45,29,53,63,24,55,30,59,21,49,42,62,80,24,32,59,30,33,43,48,63,52,33,23,24,70,63,65,51,19,38,66,48,40,43,23,35,33,58,34,51,28,43,20,43,33,68,33,23,62,40,17,44,29,26,20,30,30,19,50,82,61,39,17,41,19,48,37,80,45,60,32,21,18,24,69,53,30,51,61,64,71,81,39,31,43,58,28,45,34,28,48,67,52,17,48,55,28,62,31,35,56,32,48,65,23,18,58,44,39,74,33,23,58,23,53,74,59,22,48,18,40,48,67,75,21,58,17,32,38,78,34,38,63,40,62,57,73,66,31,18,26,18,23,43,63,19,38,38,42,23,83,31,66,63,67,61,40,32,23,43,46,24,27,40,42,59,58,35,35,18,53,63,42,39,54,63,43,28
Chicken Tacos,101,71,45,37,52,89,115,102,48,74,86,26,24,53,59,86,35,87,47,33,105,58,62,28,64,89,77,79,114,87,82,116,49,73,112,92,86,89,68,44,33,69,104,41,36,60,68,30,85,109,51,41,38,61,73,98,112,30,61,77,37,26,85,52,76,83,90,68,44,59,32,78,46,53,59,26,30,53,52,26,33,47,76,49,30,85,25,86,82,29,63,71,64,89,59,69,60,72,73,83,59,64,78,71,37,112,81,86,25,69,30,102,32,78,39,51,23,44,115,96,60,30,82,91,41,99,55,59,92,59,55,26,91,65,29,76,61,89,66,96,86,75,44,89,90,26,35,59,73,30,70,23,58,94,37,89,52,33,79,78,81,79,82,91,35,62,90,36,78,75,89,68,38,40,60,45,48,23,87,85,43,60,96,31,63,37,26,89,99,79,30,82,41,67,76,114,50,71,35,68,51,45,78,69,79,30,84,23,59,49,71,51,82,68,82,89,76,47,49,75,66,28,84,112,106,82,51,56,61,52,78,71,47,47,78,60,48,46,45,51,43,85,63,26,50,108,74,26,59,33,77,99,36,58,35,62,47,55,39,62,78,78,31,92,60,55,106,91,54,74,53,73,89,58,32,73,23,35,73,36,55,46,68,69,31,84,40,46,60,23,81,26,46,71,40,25,77,63,28,67,75,104,79,86,36,81,30,75,73,44,30,78,47,71,89,76,40,73,56,38,45,35,66,89,40,32,62,61,55,71,74,45,64,92,82,62,56,74,43,90,87,62,47,29,41,87,83,46,67,89,55,71,54,71,44,69,106,88,61,90,91,54,86,75,104,29,76,62,77,43,62,92,58,54,89,74,55,96,71,61,43,55,77,24,94,94,84,76,75,87,37,78,89,89,90,43,67,81,50,105,41,60,75,76,28,29,104,45,35,35,83,28,111,86,45,83,73,55,55,55,52,71,78,53,75,64,104,39,36,92,90,89,52,78,50,48,79,85,29,60,94,58,37,45,69,78,25,91,81,90,46,92,56,62,47,50,69,44,67,51,70,115,89,36,39,82,86,73,86,91,71,32,82,87,68,45,79,77,31,53,92,55,37,105,30,73,89,28,41,83,85,66,71,84,83,30,86,56,81,92,67,71,61,59,52,48,86,61,46,29,83,53,41,31,56,33,64,60,47,89,61,46,45,24,95,96,87,37,71,92,25,75,88,85,91,30,59,63,82,46,76,79,38,81,60,66,114,82,77,86,32,32,68,75,24,49,83,28,24,76,92,32,75,82,60,41,94,58,40,56,68,54,63,33,105,63,75,26,36,71,59,111,58,49,90,51,64,91,101,36,40,85,91,86,55,85,60,59,78,35,46,56,40,24,52,78,26,67,58,108,23,43,85,62,91,56,109,56,66,87,74,25,46,79,71,68,40,68,64,56,63,60,31,77,86,77,82,96,46,48,30,24,84,78,114,86,25,45,71,86,63,73,62,28,51,90,86,35,50,81,69,84,54,40,56,68,30,39,41,51,24,37,81,71,33,24,71,58,72,105,70,47,85,35,28,95,32,67,33,89,37,66,79,105,86,39,74,28,77,50,33,53,41,73,35,43,29,105,89,90,91,55,51,33,33,81,89,84,49,46,39,36,51,68,81,73,24,75,108,92,85,51,76,69,96,82,38,78,56,25,75,88,109,89,44,71,53,52,53,65,37,26,23,31,32,79,33,48,73,49,53,84,75,108,28,29,56,46,46,114,76,76,84,56,84,49,79,29,37,58,92,48,33,112,62,82,71,68,28,70
Beef Burrito,83,45,21,39,33,43,53,35,65,32,40,51,50,74,85,37,38,47,43,17,74,80,68,35,54,29,58,24,38,17,56,45,31,57,80,60,58,33,62,61,48,85,85,30,23,32,62,51,34,41,46,69,53,63,27,31,62,46,61,67,66,51,25,43,26,54,23,24,63,55,76,61,35,58,39,34,71,67,21,52,35,65,25,32,42,62,69,32,65,29,49,50,61,69,52,64,37,30,33,50,48,57,18,46,71,85,53,64,69,67,54,39,35,51,51,66,58,65,67,34,26,52,68,60,50,67,65,27,47,60,67,31,34,57,22,68,36,51,38,36,26,21,51,39,67,34,59,79,24,33,24,27,50,45,62,42,21,57,59,22,68,61,51,37,62,61,42,80,29,67,39,41,63,64,65,23,38,27,50,69,55,73,27,21,69,56,40,30,43,32,21,22,36,27,19,21,25,21,27,59,58,67,29,76,32,48,25,48,27,51,47,58,17,36,39,53,43,73,53,46,67,29,35,41,82,32,45,27,57,63,82,31,21,40,39,20,67,51,58,24,52,45,43,64,44,82,27,21,40,64,44,36,83,64,51,51,47,42,25,51,60,19,41,49,33,25,68,64,64,19,20,19,44,63,30,62,67,19,48,34,56,37,28,36,62,51,42,23,32,51,17,34,64,46,61,27,33,36,39,51,72,67,54,31,26,21,69,83,60,27,34,62,35,62,73,63,46,34,43,22,55,31,26,19,45,27,39,53,67,84,25,46,24,43,30,53,72,34,49,35,48,69,55,57,27,69,20,60,35,45,61,60,48,17,38,61,62,44,29,56,38,59,46,34,76,56,22,28,40,20,60,53,41,43,18,39,24,36,41,55,26,69,21,39,35,61,64,22,37,67,29,83,45,58,39,69,28,60,21,67,25,62,24,43,29,36,36,55,28,66,19,51,55,21,45,52,59,49,68,55,64,42,62,21,37,35,83,49,55,58,44,34,17,78,57,54,30,57,40,51,54,61,17,64,57,48,58,24,74,33,50,17,65,19,69,45,43,35,52,54,66,40,77,62,29,59,49,67,69,83,19,45,58,62,22,72,21,56,35,26,24,60,39,36,31,60,19,63,60,23,68,61,30,49,68,42,30,50,37,51,33,33,24,58,29,40,58,53,51,68,78,85,51,22,20,61,39,67,64,69,27,39,21,39,72,65,54,58,39,28,19,39,26,57,31,47,20,22,78,38,52,20,30,21,56,69,33,46,58,59,19,19,56,61,21,28,52,40,59,56,39,23,33,36,20,62,76,61,34,34,67,64,59,36,31,51,55,56,60,50,73,25,26,24,33,57,45,60,42,23,34,39,55,61,64,46,37,42,45,25,39,40,68,46,47,51,58,32,63,63,31,34,51,60,24,51,74,66,32,52,19,40,67,77,32,30,48,64,40,85,27,67,48,46,66,21,85,24,124,34,27,34,44,46,84,32,46,32,62,17,45,55,26,48,19,22,66,83,42,43,51,18,43,46,68,71,44,63,37,21,52,84,38,61,58,58,18,20,47,26,64,37,66,29,35,31,25,57,32,45,29,32,49,79,39,60,54,21,59,31,68,39,61,48,21,37,34,83,51,17,56,28,55,69,67,17,28,50,69,21,45,65,69,17,39,62,38,63,83,36,68,51,62,33,38,76,33,39,21,47,22,60,27,62,38,51,38,47,74,34,39,19,50,42,37,26,69,39,32,45,48,59,82,35,60,42,58,25,56,77,86,23,57,42,18,63,30,50,17,50,28,26,60,71,23,67,29,26,51,40
Tomato Soup,95,53,59,56,29,66,87,49,65,59,21,65,28,27,37,31,73,41,59,28,25,50,73,38,68,58,48,61,56,69,27,31,19,67,84,44,67,74,73,20,72,82,81,30,23,73,51,65,54,69,36,30,65,73,29,87,84,57,62,36,76,43,63,77,25,56,61,54,47,90,58,30,45,35,50,62,29,73,69,35,51,27,69,43,45,46,42,27,20,47,71,24,70,33,32,72,31,54,79,51,50,45,34,50,87,57,35,23,26,58,30,43,67,59,65,66,63,26,51,63,50,72,35,39,72,67,95,20,59,69,73,71,48,31,26,32,37,43,47,87,44,73,42,58,31,47,29,52,49,54,46,46,69,32,56,60,20,68,46,64,73,29,51,45,46,70,55,46,36,75,39,24,61,41,32,86,59,42,41,25,50,46,27,40,28,59,50,30,90,95,57,57,37,29,31,70,46,71,52,52,46,71,43,62,30,54,68,71,56,87,153,69,74,35,27,51,83,71,64,59,31,22,38,92,69,23,67,39,54,52,31,95,22,76,20,59,58,33,71,38,32,59,51,75,50,36,61,42,24,60,46,30,93,59,48,24,43,66,83,31,61,58,75,22,72,75,38,45,76,32,43,63,50,68,22,27,19,69,62,27,27,72,49,69,67,75,86,30,23,52,68,55,30,87,52,27,39,40,22,45,35,42,62,24,46,58,26,84,58,64,54,31,76,28,87,61,73,39,69,23,75,45,71,37,39,54,63,31,36,31,30,70,70,60,40,48,68,51,41,57,48,35,38,40,28,22,48,33,24,49,68,56,57,43,36,44,59,67,24,53,34,21,31,62,76,59,70,42,34,33,42,83,30,63,43,70,52,63,27,39,63,41,55,70,61,69,69,46,68,55,74,88,38,58,66,68,59,54,49,73,56,26,59,33,71,46,50,62,30,50,48,69,52,42,26,64,26,24,66,94,70,52,62,43,73,29,95,38,53,59,75,55,68,35,29,35,20,61,27,44,56,55,65,65,49,41,37,39,27,69,40,30,24,63,88,81,52,49,69,53,23,68,37,44,30,20,30,70,42,67,21,49,52,66,69,62,80,55,20,26,41,21,80,81,61,48,62,20,76,68,73,62,61,43,65,69,31,39,69,30,53,68,28,90,73,34,46,49,54,23,24,92,63,69,76,30,64,88,58,68,22,23,46,44,51,56,34,70,59,36,63,73,80,34,66,46,64,39,74,64,76,58,32,24,34,36,88,46,35,69,31,70,67,35,29,52,74,71,23,25,69,20,20,64,66,46,57,88,29,50,26,58,25,52,68,68,73,37,70,22,32,93,45,25,70,31,67,27,31,35,66,56,46,69,70,79,72,48,45,68,50,48,94,45,32,38,29,30,27,76,24,33,55,50,23,82,33,71,28,74,62,53,55,45,75,71,57,51,61,90,67,61,21,51,75,55,62,93,32,54,34,67,26,52,27,31,49,69,26,69,81,29,46,30,24,41,24,29,77,44,27,60,38,35,81,24,48,67,72,67,52,44,80,45,56,63,50,21,88,45,58,65,23,53,47,87,44,55,62,73,26,60,31,58,62,40,32,52,24,74,69,37,44,19,75,25,45,70,56,21,53,28,64,74,55,64,51,25,45,19,88,35,64,48,26,21,20,45,43,27,26,60,30,32,70,88,66,44,26,38,31,62,76,40,41,57,53,28,36,68,25,76,57,71,58,71,26,41,46,25,52,61,44,56,56,19,33,69,33,70,89,47,75,64,34,21,82,27,60,34,27,44,72,94,57,21,46,69,69,62
Mushroom Risotto,68,22,53,55,30,74,89,73,77,46,59,45,21,36,97,23,65,74,62,57,59,33,69,50,44,61,52,28,97,77,33,46,54,65,75,25,66,71,30,19,46,42,68,33,22,35,48,30,74,74,35,29,40,28,34,56,80,48,64,61,62,66,84,62,22,44,49,65,35,27,73,32,66,74,58,60,80,61,25,66,49,22,64,86,38,32,64,70,70,56,38,46,60,58,44,55,34,62,91,58,36,71,75,38,47,25,49,29,64,57,33,25,58,23,50,44,21,74,73,84,23,54,24,29,60,58,36,69,22,52,45,57,80,42,44,70,45,71,36,78,63,40,29,42,72,68,84,57,38,40,66,50,74,58,97,23,43,78,39,77,34,29,35,65,35,54,71,97,46,53,48,50,69,49,75,81,70,60,52,51,78,83,97,47,41,50,65,75,24,78,46,50,23,54,72,49,32,77,49,33,20,22,44,57,50,20,72,60,72,85,53,38,29,53,41,42,90,78,25,23,55,59,39,83,33,20,35,60,39,50,28,50,35,31,45,73,19,55,53,23,40,44,55,36,50,59,69,45,38,69,75,79,29,20,53,75,48,42,35,36,26,38,45,46,25,67,73,19,57,62,40,48,69,56,55,30,33,44,55,27,78,52,25,71,36,19,63,62,72,39,46,38,38,33,67,29,31,77,20,25,52,32,47,62,50,73,23,66,90,53,21,61,69,62,49,41,19,20,52,50,36,24,97,37,25,29,21,19,45,89,29,67,59,39,41,39,70,33,24,70,70,72,46,27,28,21,35,76,36,27,85,78,72,55,60,33,91,34,74,65,26,31,43,96,34,63,37,61,33,53,28,32,40,78,78,42,76,75,51,75,54,73,40,73,80,63,29,66,49,28,62,89,92,61,29,63,49,31,59,90,53,60,50,58,20,59,49,62,67,20,76,29,57,91,60,68,57,25,71,38,53,55,55,57,49,56,53,56,39,43,35,71,25,66,83,47,68,62,55,67,56,81,59,59,41,76,56,95,46,69,36,70,39,62,74,39,42,71,37,19,49,70,59,36,78,29,32,22,78,36,49,27,62,26,30,83,41,26,20,30,57,57,40,78,30,69,55,60,35,55,91,48,42,59,66,61,28,70,68,32,51,23,77,28,74,55,56,35,68,77,63,67,58,20,72,38,58,34,58,31,45,50,36,31,66,83,33,58,33,42,22,90,61,47,21,19,37,55,57,49,57,63,62,25,34,28,57,26,34,41,70,61,87,53,25,33,72,20,50,64,33,57,55,32,38,59,35,69,45,30,48,22,27,96,74,50,51,37,40,28,62,64,41,77,36,37,27,72,75,22,31,22,44,64,76,68,20,48,76,42,25,32,32,59,67,35,22,50,90,79,48,75,74,45,37,84,24,55,22,68,62,55,24,59,19,30,50,44,77,42,38,37,43,30,76,40,51,42,51,71,68,23,33,80,70,63,57,30,42,19,63,80,53,65,23,52,76,91,85,32,75,67,51,57,70,33,23,33,61,53,57,84,64,49,34,25,56,23,34,72,31,73,45,51,46,29,51,65,45,67,63,76,63,50,56,51,66,69,24,75,38,53,75,68,41,30,35,42,21,53,54,50,73,57,69,71,61,41,60,31,47,76,56,66,43,22,70,52,41,49,32,75,27,63,53,29,32,39,64,63,60,69,49,30,39,78,50,63,57,68,40,56,68,69,62,93,97,26,36,65,28,63,35,79,32,49,39,72,48,50,64,75,60,50,45,45,42,84,61,43,21,51,46,57,58,57,48,45,65,19
BBQ Ribs,99,78,66,93,37,31,54,92,84,43,38,64,94,100,32,85,102,53,33,80,65,70,65,56,93,80,74,116,107,51,38,33,32,42,76,57,99,74,90,87,74,127,56,90,93,34,42,60,111,127,61,78,70,25,29,40,65,90,47,90,93,85,75,92,56,45,43,37,31,81,67,69,74,98,33,80,111,110,93,102,95,27,74,100,88,56,71,87,88,73,81,48,27,27,50,98,78,53,65,41,102,42,47,89,91,45,79,64,67,37,69,35,45,78,28,52,80,62,124,57,31,53,83,70,75,43,33,34,25,33,87,32,43,119,50,87,37,79,59,43,97,32,99,42,99,89,86,121,51,37,92,85,93,115,57,53,83,83,90,84,88,115,43,62,25,97,76,48,56,32,70,45,76,31,59,67,25,98,89,61,33,94,107,88,89,89,81,78,89,123,29,60,65,27,83,127,48,41,46,81,43,43,103,80,65,59,41,99,52,48,76,56,90,67,95,42,45,94,87,25,39,56,29,111,73,79,48,56,60,80,41,100,57,28,89,38,65,72,72,47,60,102,48,71,91,111,31,64,42,102,67,62,103,85,59,83,95,62,111,73,94,64,45,89,56,72,121,29,46,41,66,78,102,127,25,85,90,42,29,35,97,94,74,59,36,41,100,118,56,55,69,27,101,88,62,27,51,71,51,69,59,97,45,69,80,39,56,123,108,53,64,39,69,81,64,57,33,31,99,46,57,65,33,53,45,76,99,85,48,38,89,99,93,41,76,67,72,102,95,73,39,50,72,80,29,64,101,61,59,72,88,84,73,78,60,31,51,62,43,78,51,48,52,41,88,74,55,41,84,65,33,45,43,71,79,25,83,78,35,78,73,28,93,69,94,70,43,78,64,102,27,116,88,85,52,102,55,73,113,48,71,38,59,85,34,111,41,28,46,92,31,84,91,111,59,90,65,94,45,76,88,36,98,83,37,94,94,116,95,97,69,29,42,33,95,29,33,38,32,81,35,95,75,25,55,78,76,32,103,38,78,52,102,25,89,67,98,39,69,61,102,41,51,42,60,25,55,79,56,41,83,97,75,102,59,121,97,70,28,71,55,59,60,119,83,50,93,25,43,45,115,53,38,102,93,38,35,115,87,27,39,53,101,73,119,57,85,94,41,102,49,107,102,38,76,57,65,56,75,56,87,51,89,80,97,97,84,39,46,92,33,57,53,87,64,33,29,25,38,108,99,48,70,52,67,100,41,87,73,94,79,32,40,32,38,31,98,55,90,72,65,102,66,59,50,28,88,76,73,66,84,62,34,70,41,60,84,75,46,89,95,99,97,79,70,78,34,57,72,73,43,28,38,38,70,75,28,45,65,38,39,119,121,34,92,84,81,88,59,32,39,25,94,95,61,123,119,48,52,93,59,39,65,100,87,75,102,85,102,123,103,28,50,27,90,98,35,83,92,101,174,94,52,111,53,32,32,94,46,92,57,108,39,81,60,76,93,56,89,69,56,31,74,32,48,33,76,38,37,76,65,49,45,75,29,78,57,52,46,94,97,45,55,42,29,124,102,45,62,84,76,52,124,95,57,99,85,46,59,103,121,102,61,45,56,73,45,91,28,39,32,57,39,102,54,65,75,67,99,31,83,54,73,97,45,32,94,95,80,95,31,33,55,73,38,102,102,62,57,84,37,43,97,101,89,97,67,87,127,97,79,51,36,66,55,60,37,39,42,99,62,60,48,115,32,83,76,84,52,51,97,97,48,71,73,29,94,119,50,55,36,55,78,48,123,36,48,98,101,78
Seafood Paella,119,58,30,36,25,90,91,65,44,73,80,35,33,39,66,96,56,68,25,98,100,80,61,62,37,94,84,34,105,51,68,40,85,37,65,100,68,44,26,53,41,31,79,78,82,65,71,67,105,49,86,25,69,37,93,32,85,41,58,49,96,93,76,116,69,68,62,48,25,77,62,70,94,67,38,57,110,43,65,75,88,54,35,105,119,91,79,96,75,88,57,120,44,77,74,32,49,79,71,57,26,31,32,77,31,96,43,33,36,27,78,36,117,30,32,99,33,28,116,110,78,47,68,68,83,37,63,52,36,43,42,96,97,122,35,40,40,78,79,124,113,43,49,63,59,85,54,124,42,38,27,88,48,59,69,93,25,89,38,83,94,116,25,63,85,89,25,96,147,72,37,70,75,75,105,49,70,28,95,25,26,37,56,83,69,80,84,49,82,100,61,37,68,35,56,85,32,51,84,89,32,70,52,49,96,47,58,27,46,51,69,32,48,44,74,88,69,116,35,43,69,27,57,37,37,64,61,95,41,30,56,122,58,88,94,32,38,74,46,72,46,37,56,51,88,40,91,26,67,47,84,60,73,49,42,56,89,46,39,96,52,40,32,31,88,68,85,64,46,86,36,73,80,80,33,79,59,41,96,59,43,33,98,93,69,48,100,86,25,73,41,90,68,82,103,51,52,83,98,65,63,85,67,90,37,68,48,83,105,73,58,79,75,51,99,31,42,83,74,67,25,119,31,93,54,30,86,84,83,110,99,99,82,27,80,102,114,82,48,90,41,37,79,90,85,53,65,49,30,48,102,84,32,89,30,33,124,102,30,78,35,44,63,43,93,83,63,62,40,62,117,73,80,54,98,83,25,100,93,93,38,70,40,62,122,120,41,69,44,35,28,71,63,67,75,77,75,37,103,48,57,25,59,69,32,68,42,59,62,52,96,26,32,124,89,37,32,59,82,107,91,99,44,77,33,75,40,56,58,90,73,73,86,71,40,86,57,67,49,86,110,45,79,74,57,88,77,46,48,56,65,25,84,38,105,80,54,31,67,28,93,100,68,63,65,72,30,63,49,40,79,54,62,94,36,88,120,88,67,70,41,57,40,39,35,44,40,30,88,42,102,27,90,99,75,65,32,82,72,35,46,73,94,48,94,73,62,68,36,46,124,94,28,57,26,75,72,120,88,93,75,72,36,25,36,110,58,51,93,93,53,97,122,65,70,44,89,47,73,37,59,42,86,32,28,49,113,70,33,40,90,88,74,45,33,51,95,30,52,107,105,51,88,49,48,57,42,105,32,73,56,54,48,116,122,46,61,44,82,35,54,82,70,61,68,27,35,113,37,89,88,69,61,75,60,68,69,73,57,59,28,114,88,51,108,68,93,91,91,105,56,86,69,51,72,114,46,37,70,86,80,99,40,68,52,37,44,80,77,122,77,64,30,99,59,33,116,71,47,43,44,49,53,120,31,38,42,49,35,43,39,76,95,91,84,59,98,97,119,48,40,94,90,36,40,63,27,91,28,73,54,117,85,62,61,93,98,32,119,107,99,95,99,86,30,114,63,27,70,95,47,59,110,62,25,33,32,93,95,86,105,57,99,53,69,59,93,91,32,25,67,96,38,111,65,99,59,95,27,36,102,119,86,38,67,33,65,66,116,38,72,57,72,82,65,124,94,63,59,84,56,57,46,35,37,33,58,63,122,31,42,37,27,88,41,122,80,62,89,36,82,64,32,111,25,67,64,49,89,85,37,53,54,90,86,57,79,94,77,82,86,96,51,114,65,53,96,89,74,65
Vegan Buddha Bowl,82,24,52,51,31,32,83,67,47,25,53,42,42,74,69,26,49,58,64,31,80,39,61,38,40,40,22,65,65,69,24,34,30,36,29,26,49,51,33,33,60,87,70,41,34,34,52,58,87,73,57,42,21,53,61,28,55,26,40,34,24,61,42,25,62,39,47,55,49,66,85,49,32,62,24,36,85,65,66,18,67,69,53,28,79,50,54,65,46,20,65,63,55,52,23,60,26,33,33,19,17,55,25,21,85,26,21,28,35,68,53,66,61,47,53,53,27,24,54,23,49,20,45,52,33,83,42,36,61,67,33,66,55,83,18,34,52,53,61,23,64,62,19,36,39,18,26,22,27,65,21,36,39,76,54,68,48,23,40,35,37,44,45,54,59,39,59,51,54,67,36,47,51,49,77,77,69,60,31,26,21,43,64,49,36,54,49,29,73,42,48,28,36,50,60,75,42,38,49,29,37,36,74,56,17,45,17,65,66,60,78,29,58,38,29,62,30,23,56,61,44,42,23,59,28,33,56,51,28,51,37,23,19,31,39,64,40,61,66,45,50,35,50,23,53,83,39,53,28,36,17,23,85,49,60,34,19,49,48,86,29,19,25,29,42,25,42,23,28,19,69,42,29,24,23,22,18,36,22,28,76,67,32,45,32,48,78,85,49,46,27,23,42,46,47,40,40,69,60,25,51,28,36,43,34,37,36,25,86,24,51,32,42,68,48,47,20,69,17,61,23,56,27,38,63,38,54,49,49,83,63,60,32,51,63,43,61,64,45,27,59,17,52,79,54,27,42,59,51,66,44,31,42,18,65,17,44,59,62,53,69,36,31,81,76,45,52,17,37,52,74,46,40,41,64,47,60,51,44,65,30,58,44,55,57,66,25,46,34,42,23,39,42,56,26,36,65,35,46,77,37,48,49,69,26,73,83,54,55,69,50,19,57,43,18,69,62,23,27,31,56,69,45,50,34,55,51,44,25,53,66,30,55,65,40,48,23,21,23,64,78,39,69,53,67,35,58,49,27,65,53,17,38,24,28,27,22,29,50,23,44,38,75,27,49,23,29,68,62,56,62,32,41,63,54,65,69,29,24,52,59,48,50,65,36,55,51,51,60,54,60,27,19,54,46,46,47,28,29,49,27,25,60,59,67,55,32,69,29,55,24,77,68,18,38,33,31,87,70,40,27,42,55,31,82,51,33,62,54,38,62,60,66,65,22,30,29,51,54,73,54,60,44,36,60,44,33,45,50,57,46,67,52,76,68,39,69,35,54,33,55,68,52,36,20,47,42,63,41,27,68,37,23,30,77,89,45,29,35,32,65,77,56,58,40,65,29,41,75,26,47,50,56,68,65,80,60,44,20,44,52,47,38,20,41,69,43,35,38,35,64,28,27,62,23,65,48,41,41,65,46,36,77,49,41,65,24,27,63,22,73,28,27,58,57,41,63,52,43,37,23,67,43,22,73,23,36,53,25,29,48,43,60,58,48,63,59,83,83,33,36,63,28,66,37,30,56,53,58,41,48,38,70,69,69,47,50,39,75,34,36,54,31,60,27,52,31,27,42,55,28,47,82,65,69,27,31,35,28,61,27,47,68,33,60,26,53,55,56,17,48,53,69,43,72,47,36,44,68,19,48,74,56,36,49,49,19,59,63,27,34,42,36,23,44,83,52,23,19,49,30,83,75,18,30,26,37,21,52,85,37,62,45,26,63,82,57,65,31,62,62,52,47,44,51,28,37,37,36,41,54,43,28,23,42,18,46,55,39,46,48,17,47,29,53,69,55,29,49,45
Pancake Stack,87,46,48,17,38,53,76,40,55,66,47,23,68,64,37,34,17,62,62,40,29,39,60,30,66,37,36,53,81,20,65,40,57,55,83,75,29,64,41,19,24,56,27,17,49,61,44,37,87,73,19,36,20,46,44,50,31,29,60,55,49,39,34,38,33,59,38,41,18,42,74,49,22,36,69,62,83,73,40,43,68,18,43,59,69,30,64,30,22,44,57,50,17,17,19,40,40,28,39,57,41,69,68,42,26,56,45,38,62,24,26,59,79,52,55,66,47,55,22,52,20,23,55,58,56,82,27,42,57,60,90,36,63,74,21,36,24,67,62,36,46,49,57,66,19,68,68,63,54,32,18,34,42,23,68,57,40,32,51,69,69,85,54,65,52,49,23,30,37,36,60,35,39,17,36,78,19,24,18,65,59,81,77,37,62,42,53,39,75,49,43,42,55,29,24,30,65,61,55,47,59,22,66,78,39,23,34,56,47,51,70,46,44,62,63,61,59,78,28,52,29,30,20,31,50,64,27,20,23,42,81,26,62,44,42,29,18,57,34,62,60,59,19,17,59,54,22,48,27,27,42,34,27,49,22,23,37,60,35,33,53,66,30,55,44,68,56,27,45,23,66,66,37,24,56,61,53,40,36,57,74,49,57,40,21,59,80,24,57,18,49,21,30,36,59,46,46,57,33,22,72,70,44,49,48,31,29,55,31,21,67,19,36,61,52,75,22,50,20,35,48,37,68,65,22,57,52,29,40,87,23,56,57,21,29,43,56,18,51,54,57,31,74,38,17,66,35,38,33,59,23,64,66,18,69,68,28,56,40,45,62,27,31,61,65,48,29,39,55,36,74,62,24,36,29,54,22,56,26,52,55,36,28,51,48,67,19,67,42,64,33,77,64,27,36,65,41,37,28,62,62,43,21,33,31,28,83,61,53,40,18,55,81,74,58,69,60,23,41,41,75,29,29,49,55,132,64,43,69,46,28,48,64,41,65,52,22,48,60,57,47,49,22,23,48,30,40,28,81,50,45,43,34,51,59,55,42,48,23,49,18,30,83,34,62,52,59,44,33,75,28,40,55,49,26,33,33,18,25,31,19,27,52,48,19,23,62,62,36,29,46,52,41,63,64,64,47,31,59,55,29,46,39,52,36,20,54,48,58,59,54,52,59,49,63,66,69,24,47,67,63,29,28,56,61,77,68,54,29,21,18,75,46,49,62,59,19,69,74,75,48,29,65,31,25,61,59,54,22,61,36,44,75,79,55,32,62,32,69,57,35,41,61,46,26,48,76,47,41,62,27,60,29,81,53,22,34,18,24,19,59,83,25,36,60,38,42,28,86,62,25,36,43,27,46,54,51,63,63,55,48,69,28,26,19,22,49,64,29,86,35,47,28,62,42,25,23,59,69,40,57,38,65,49,59,52,63,62,26,54,46,20,30,26,48,50,29,62,36,28,36,54,52,65,80,65,19,46,22,51,46,83,49,29,41,29,40,37,81,62,20,20,34,18,23,75,62,60,31,63,36,63,67,65,41,46,28,19,57,48,65,26,53,49,44,49,29,17,57,27,66,46,86,73,54,22,34,45,48,73,39,48,32,42,54,20,40,53,17,38,59,35,46,36,25,66,31,26,55,37,27,87,23,45,61,68,50,74,85,66,49,45,40,59,46,40,58,28,23,43,52,64,33,63,62,61,62,58,55,42,65,51,25,32,29,22,29,44,69,69,69,48,76,36,36,66,66,63,69,35,41,48,50,43,29,64,61,69,52,65,61,31,50,47,30,49,42,62,46,17
Chocolate Cake,26,54,66,19,73,45,58,88,40,35,43,69,75,67,39,37,42,68,42,33,24,48,71,31,67,27,24,62,38,57,44,33,44,42,24,81,70,74,54,22,59,48,31,55,74,20,29,35,79,54,40,31,23,39,37,88,69,55,33,61,48,76,69,52,49,31,29,28,34,75,74,70,42,28,40,32,62,48,71,30,58,76,27,45,63,24,53,52,46,63,27,64,67,73,67,54,22,54,95,70,44,50,47,35,51,32,43,68,43,60,64,95,75,34,38,39,45,52,91,35,63,23,60,58,68,51,71,31,67,30,39,35,69,68,31,60,47,26,30,73,56,21,42,30,33,51,92,76,46,58,45,68,69,32,55,64,54,56,61,39,39,93,41,74,48,51,50,77,73,54,73,58,24,25,39,48,39,73,72,76,39,55,95,67,60,60,49,34,35,91,73,43,64,69,20,54,86,24,40,36,68,66,39,50,28,32,43,74,75,62,71,26,43,65,24,51,73,71,40,73,69,51,63,29,24,40,39,25,62,71,89,52,64,35,73,51,41,85,33,27,36,60,67,20,70,31,49,74,71,51,48,49,37,21,70,67,57,42,85,58,63,32,58,51,29,73,80,49,59,19,21,75,57,24,29,54,56,70,76,37,30,38,70,33,58,31,69,48,37,20,71,20,34,38,83,37,75,25,67,25,37,87,71,25,40,75,24,52,43,27,44,32,43,48,33,43,73,44,35,74,27,80,38,22,62,55,23,62,88,67,70,51,45,37,21,66,56,74,53,72,38,39,33,69,51,24,64,74,32,67,74,35,69,71,29,50,46,36,63,33,33,75,67,89,24,21,31,35,75,58,94,51,71,71,31,26,63,64,33,60,72,58,52,36,41,24,33,50,24,54,70,83,30,64,40,49,58,44,37,75,31,58,59,59,29,44,38,37,31,59,71,49,77,80,69,58,60,41,58,85,30,65,21,75,49,20,45,56,21,21,36,47,25,39,31,32,51,71,39,73,81,73,49,37,27,32,51,70,46,50,19,71,58,62,44,69,51,32,54,22,73,89,29,58,49,51,20,45,46,62,70,56,38,28,20,58,37,37,44,24,20,73,46,80,63,74,44,52,26,77,55,55,35,58,54,44,87,74,67,59,71,68,63,33,35,67,42,25,24,65,54,51,71,41,19,76,72,42,93,49,42,74,74,22,46,83,45,41,24,75,50,38,85,52,59,55,31,23,55,68,66,33,38,50,39,76,81,36,57,41,48,27,62,36,45,31,35,56,61,68,60,31,46,64,66,24,93,76,43,38,68,33,65,71,54,71,62,25,57,35,60,83,30,64,73,22,39,49,71,34,29,35,59,19,36,43,73,28,70,25,66,68,46,23,66,25,61,26,54,50,33,47,39,24,20,37,91,23,43,31,49,26,70,64,46,73,41,37,66,57,70,40,57,40,49,39,44,33,64,74,51,62,42,43,35,31,42,22,45,52,39,92,52,71,73,21,31,49,95,43,35,60,30,51,45,33,70,63,52,49,31,89,68,35,41,31,52,51,49,48,46,69,52,30,50,32,70,76,58,55,58,71,42,42,47,71,62,23,66,50,68,40,69,73,33,65,71,94,54,76,54,67,72,25,86,45,51,64,53,28,71,54,31,27,74,21,67,68,56,29,71,57,21,69,57,70,69,53,22,43,71,43,56,32,68,43,24,39,51,88,49,31,45,54,58,26,64,60,25,52,42,74,57,49,44,51,46,38,44,75,89,65,31,71,51,75,61,73,24,33,41,39,67,93,30,56,31,68,46,24
Lemon Tart,19,19,18,50,39,42,44,70,22,46,34,27,40,43,63,19,31,55,44,19,22,33,29,50,41,44,28,58,61,41,32,31,79,53,62,27,46,15,55,29,16,55,47,41,28,16,27,37,70,57,35,51,18,53,55,44,50,47,20,25,20,26,38,67,27,25,56,30,53,69,61,50,20,51,22,29,46,30,46,41,45,43,25,54,54,40,14,27,46,18,22,49,46,41,41,44,56,56,25,38,15,42,39,34,45,32,15,25,41,34,19,62,43,17,53,37,38,30,42,47,37,56,44,40,48,27,70,44,29,55,27,26,33,23,22,33,24,48,18,64,20,19,39,15,45,23,70,53,40,26,29,31,33,25,18,16,49,25,18,53,33,64,50,27,56,42,39,62,59,16,49,20,32,41,67,35,36,53,32,30,54,69,23,37,15,46,25,22,47,20,26,42,52,41,15,50,43,18,51,39,15,44,65,18,52,37,34,27,16,21,24,20,46,16,14,26,39,40,39,46,40,16,54,42,48,42,34,25,113,30,33,64,18,24,37,41,53,27,50,48,25,33,31,15,55,21,34,18,19,40,29,18,45,50,40,36,56,22,51,20,25,21,22,22,28,59,65,43,47,53,27,56,40,123,22,30,48,49,49,47,69,41,22,52,55,32,18,49,20,27,39,15,52,40,61,19,51,30,38,56,52,57,47,31,56,41,50,25,68,53,44,28,50,30,61,57,45,38,24,44,38,21,40,34,35,37,40,47,60,46,46,53,44,30,22,62,20,34,37,53,24,35,67,62,55,44,24,29,38,33,63,31,37,26,22,17,33,45,51,26,51,27,22,69,68,44,53,52,32,26,59,68,36,30,37,38,22,39,51,39,22,42,30,37,25,25,53,34,32,54,44,50,57,28,49,36,48,36,51,38,37,14,42,43,54,53,25,19,54,20,34,18,52,18,47,55,25,15,23,68,29,15,46,41,41,21,50,64,54,27,34,24,22,19,65,29,41,25,29,48,44,32,24,35,21,17,32,20,44,52,27,46,55,38,68,70,54,18,40,25,32,55,45,25,53,39,15,15,25,29,54,28,31,42,47,25,47,47,15,45,27,26,69,61,44,36,37,50,55,64,27,52,31,25,23,55,59,63,41,17,44,34,46,29,64,38,32,15,44,32,32,36,26,42,50,51,15,48,45,51,32,56,39,15,48,19,26,42,41,29,54,68,35,53,22,20,29,21,28,19,19,39,16,15,33,50,28,35,16,49,42,32,45,46,49,20,22,39,41,61,53,55,24,25,41,32,40,50,22,37,50,22,35,25,35,51,23,41,40,24,36,25,48,53,14,35,15,39,66,53,23,16,56,41,38,18,22,28,53,53,20,51,67,33,27,38,51,53,42,30,48,48,25,49,36,58,53,52,44,25,28,31,47,18,44,55,51,37,34,49,48,48,25,42,44,34,34,42,25,53,55,15,53,23,67,26,30,28,52,56,36,32,34,56,36,31,41,32,32,44,48,52,55,45,40,61,36,31,29,28,50,47,33,48,53,27,40,18,34,65,22,44,22,30,15,39,38,31,21,20,30,29,37,47,41,44,18,34,20,24,24,44,16,28,44,38,21,48,50,15,31,15,14,34,50,51,34,22,45,45,41,38,40,45,38,46,44,54,25,53,17,53,43,25,46,54,33,49,50,18,26,28,49,38,53,49,22,39,61,66,19,15,35,44,49,68,58,40,40,55,42,35,48,47,17,37,37,41,47,31,28,47,47,34,48,44,40,36,19,43,20,51,44,24,21,17,25,39,41,47
Fruit Smoothie,61,44,35,37,58,43,75,40,57,48,27,32,64,45,83,29,66,25,33,21,37,45,65,50,58,54,52,51,63,60,37,31,27,28,65,65,25,69,67,59,28,44,83,35,41,40,27,43,32,23,33,70,58,43,30,70,56,38,35,62,52,34,44,64,58,60,37,21,42,27,79,35,39,65,58,70,35,42,45,57,27,25,45,45,86,19,25,69,19,58,80,45,67,71,52,35,46,76,58,22,66,19,28,70,83,64,60,70,66,19,41,140,85,62,45,65,22,53,25,38,23,50,25,41,34,87,59,62,65,58,60,66,29,22,42,51,61,20,59,82,71,27,59,47,26,19,52,35,63,56,61,27,51,63,38,46,64,25,68,58,43,63,35,44,18,35,19,24,25,63,49,41,43,30,56,27,44,46,49,61,35,27,35,55,41,69,61,34,49,74,19,35,58,54,39,77,31,32,70,22,63,41,25,31,30,62,55,64,50,59,50,33,27,19,35,48,74,72,34,33,38,19,50,23,87,35,30,20,61,27,81,45,39,19,61,38,50,40,22,54,63,58,50,58,81,63,69,30,18,47,66,22,34,28,71,57,50,25,45,104,48,70,53,68,19,66,66,28,54,25,47,35,23,84,47,39,34,66,67,75,60,34,59,64,28,25,46,76,45,51,47,30,52,44,52,18,28,50,31,34,64,51,65,20,60,66,24,29,41,26,67,38,43,39,49,73,52,65,41,67,26,60,81,57,58,59,25,66,72,53,50,46,35,38,38,69,39,20,38,66,70,50,86,31,66,56,33,32,55,55,25,27,41,60,18,67,56,86,32,70,19,63,50,39,77,32,36,54,61,24,68,59,42,70,42,19,65,72,29,42,20,44,65,26,76,45,44,42,36,58,50,49,66,43,32,44,71,63,60,73,62,33,50,55,60,44,55,25,23,63,57,47,38,33,66,37,51,36,52,42,51,42,44,66,65,56,66,52,55,48,48,36,61,22,32,63,64,27,50,26,43,71,33,29,63,22,64,37,52,61,66,46,36,69,80,69,25,35,70,63,42,69,39,46,29,25,53,36,83,44,71,21,27,47,46,60,37,40,35,48,54,68,49,29,29,52,67,47,52,60,24,46,28,66,20,41,24,69,22,35,32,18,27,33,71,69,27,41,26,70,74,50,58,36,24,28,51,79,62,38,32,66,33,26,77,65,55,66,60,40,32,35,68,63,51,53,64,19,27,59,42,28,31,70,69,28,65,36,43,70,47,31,82,44,46,36,53,65,25,80,63,56,40,31,58,62,59,22,34,48,61,57,62,84,48,55,47,68,37,50,80,33,28,23,27,55,29,50,74,29,28,52,32,71,35,59,35,42,39,41,61,54,54,32,22,42,67,56,35,84,58,64,34,42,57,30,72,23,42,59,49,27,48,55,56,48,63,29,27,28,37,48,68,31,23,67,31,53,37,48,53,50,24,83,29,44,58,34,45,57,34,61,43,39,46,37,49,29,77,45,27,37,42,67,77,75,48,40,27,36,70,86,75,37,31,66,70,27,77,65,18,47,71,42,46,61,76,68,69,35,24,58,46,48,37,68,58,39,35,50,52,60,61,41,41,51,68,75,20,46,66,61,69,50,30,38,31,42,52,60,37,84,48,26,56,42,64,72,51,29,60,58,58,48,58,44,47,32,58,54,26,87,82,34,27,18,47,27,72,56,35,51,52,66,56,81,29,33,48,50,65,62,79,40,46,61,53,69,58,52,77,56,45,53,50,42,89,30,19,66,61,45,67,59,35,22,39,19,40,23
Iced Coffee,43,51,66,60,69,89,83,97,42,93,95,25,97,83,64,44,34,66,66,74,113,37,28,56,36,37,50,64,71,67,79,41,78,32,86,60,31,100,61,34,99,73,40,60,79,50,86,80,54,64,98,56,41,76,90,73,40,74,83,98,94,93,124,108,83,53,39,92,42,78,33,47,43,70,44,64,116,71,71,58,42,47,33,71,46,69,98,97,65,65,41,41,80,29,79,61,81,84,35,74,92,79,28,62,76,73,81,33,92,98,28,79,62,44,41,33,83,75,97,38,70,37,51,175,76,70,67,99,50,80,88,32,79,119,36,69,76,50,39,48,48,61,100,84,57,97,86,51,61,65,75,57,64,70,106,70,137,98,89,25,97,121,90,43,84,36,65,110,65,43,47,97,100,81,92,110,58,48,98,78,55,122,100,72,43,38,100,75,75,121,70,65,72,80,86,92,103,100,85,89,92,39,118,79,47,86,69,88,71,116,43,80,66,42,47,51,71,108,90,89,64,55,48,84,32,79,80,71,92,37,92,51,41,83,55,56,89,38,64,76,28,86,83,95,119,108,70,83,69,98,37,70,75,41,80,98,42,64,91,119,52,69,67,97,39,48,71,39,53,55,76,79,108,33,99,41,70,60,27,65,32,69,44,75,79,44,37,94,57,48,70,37,93,76,106,29,38,76,84,41,56,114,48,99,93,25,74,119,105,37,89,44,86,80,67,92,98,90,92,71,80,114,94,61,27,84,53,65,111,103,58,52,53,39,60,40,95,61,57,70,72,31,89,124,60,25,37,85,25,97,94,46,95,48,85,52,57,60,29,36,89,29,78,75,78,53,37,92,25,34,91,81,88,55,85,44,86,65,124,93,66,32,56,75,97,52,25,61,97,83,89,81,38,42,95,80,75,64,99,73,95,29,69,62,84,44,92,90,95,43,95,58,51,38,43,34,65,65,32,52,113,95,41,25,98,36,100,44,90,64,56,58,79,84,106,184,34,27,37,42,113,32,94,52,72,98,83,89,86,28,95,79,32,46,33,54,100,65,95,53,102,127,54,86,44,72,71,25,78,87,71,94,86,57,29,44,86,64,48,81,46,75,33,65,46,31,43,72,34,94,37,29,98,100,31,25,105,78,41,56,89,94,85,99,121,83,76,92,41,98,92,44,100,56,57,88,72,127,126,93,81,65,42,99,92,73,92,55,31,55,90,64,56,97,44,72,31,50,37,48,34,90,43,53,92,108,105,66,69,52,85,67,110,119,83,85,37,61,36,127,94,43,43,80,85,62,76,102,74,48,67,47,85,111,100,78,41,100,41,102,91,54,89,85,90,48,71,119,44,69,95,32,65,66,32,64,71,80,56,48,42,37,33,81,27,71,98,78,118,57,83,52,92,75,43,87,68,98,58,81,99,28,87,78,37,41,76,65,25,40,37,70,56,70,42,70,105,119,98,83,83,98,94,89,86,69,83,51,88,62,84,70,99,51,34,72,100,91,71,58,92,37,61,34,75,121,88,61,41,33,98,114,100,55,28,55,66,78,68,124,99,50,27,88,48,79,124,28,99,92,98,88,89,111,97,32,55,39,71,122,126,92,76,48,60,69,49,37,76,72,53,41,25,99,92,81,51,95,70,71,124,111,74,57,72,37,52,121,81,42,72,50,57,64,70,97,98,99,47,93,89,119,33,51,99,83,64,93,37,91,57,84,83,34,98,103,33,99,36,65,83,64,84,99,67,62,52,52,67,48,91,74,93,93,56,79,65,92,69,70,48,55,58,92,116,80,47,44,56,33
